{
    "name": "root",
    "metadata": {
        "timer_format_version": "0.1.0",
        "start_time_seconds": "1747678451",
        "python_version": "3.9.13 (tags/v3.9.13:6de2ca5, May 17 2022, 16:36:42) [MSC v.1929 64 bit (AMD64)]",
        "command_line_arguments": "C:\\Users\\jonathancallahan\\Projects\\file-333\\file 333\\venv\\Scripts\\mlagents-learn config/moveToBall.yaml --run-id=test014 --initialize-from=test013",
        "mlagents_version": "0.30.0",
        "mlagents_envs_version": "0.30.0",
        "communication_protocol_version": "1.5.0",
        "pytorch_version": "2.7.0+cpu",
        "numpy_version": "1.21.2",
        "end_time_seconds": "1747678597"
    },
    "total": 146.2707557,
    "count": 1,
    "self": 0.010446300000012343,
    "children": {
        "run_training.setup": {
            "total": 0.14381069999999996,
            "count": 1,
            "self": 0.14381069999999996
        },
        "TrainerController.start_learning": {
            "total": 146.1164987,
            "count": 1,
            "self": 0.0016465999999581982,
            "children": {
                "TrainerController._reset_env": {
                    "total": 14.4498368,
                    "count": 1,
                    "self": 14.4498368
                },
                "TrainerController.advance": {
                    "total": 131.54781780000002,
                    "count": 42,
                    "self": 0.0013871000000165168,
                    "children": {
                        "env_step": {
                            "total": 131.338162,
                            "count": 42,
                            "self": 131.291302,
                            "children": {
                                "SubprocessEnvManager._take_step": {
                                    "total": 0.04611350000000769,
                                    "count": 42,
                                    "self": 0.003740400000008748,
                                    "children": {
                                        "TorchPolicy.evaluate": {
                                            "total": 0.04237309999999894,
                                            "count": 34,
                                            "self": 0.04237309999999894
                                        }
                                    }
                                },
                                "workers": {
                                    "total": 0.0007464999999946542,
                                    "count": 41,
                                    "self": 0.0,
                                    "children": {
                                        "worker_root": {
                                            "total": 11.1480407,
                                            "count": 41,
                                            "is_parallel": true,
                                            "self": 2.6495882000000037,
                                            "children": {
                                                "steps_from_proto": {
                                                    "total": 0.0003643999999987102,
                                                    "count": 1,
                                                    "is_parallel": true,
                                                    "self": 0.00012819999999713616,
                                                    "children": {
                                                        "_process_rank_one_or_two_observation": {
                                                            "total": 0.00023620000000157404,
                                                            "count": 2,
                                                            "is_parallel": true,
                                                            "self": 0.00023620000000157404
                                                        }
                                                    }
                                                },
                                                "UnityEnvironment.step": {
                                                    "total": 8.498088099999997,
                                                    "count": 41,
                                                    "is_parallel": true,
                                                    "self": 0.006681999999994304,
                                                    "children": {
                                                        "UnityEnvironment._generate_step_input": {
                                                            "total": 0.008224899999998314,
                                                            "count": 41,
                                                            "is_parallel": true,
                                                            "self": 0.008224899999998314
                                                        },
                                                        "communicator.exchange": {
                                                            "total": 8.468670500000002,
                                                            "count": 41,
                                                            "is_parallel": true,
                                                            "self": 8.468670500000002
                                                        },
                                                        "steps_from_proto": {
                                                            "total": 0.01451070000000243,
                                                            "count": 41,
                                                            "is_parallel": true,
                                                            "self": 0.005782400000004628,
                                                            "children": {
                                                                "_process_rank_one_or_two_observation": {
                                                                    "total": 0.008728299999997802,
                                                                    "count": 82,
                                                                    "is_parallel": true,
                                                                    "self": 0.008728299999997802
                                                                }
                                                            }
                                                        }
                                                    }
                                                }
                                            }
                                        }
                                    }
                                }
                            }
                        },
                        "trainer_advance": {
                            "total": 0.20826869999999786,
                            "count": 41,
                            "self": 0.0016250999999769533,
                            "children": {
                                "process_trajectory": {
                                    "total": 0.03585360000002069,
                                    "count": 41,
                                    "self": 0.03585360000002069
                                },
                                "_update_policy": {
                                    "total": 0.17079000000000022,
                                    "count": 1,
                                    "self": 0.02279739999999464,
                                    "children": {
                                        "TorchPPOOptimizer.update": {
                                            "total": 0.14799260000000558,
                                            "count": 33,